{
    "feature": "minecraft:large_dripstone",
    "placement": [
        {
            "type": "minecraft:count",
            "count": {
                "type": "minecraft:uniform",
                "min_inclusive": 0,
                "max_inclusive": 35
            }
        },
        {
            "type": "minecraft:in_square"
        },
        {
            "type": "minecraft:height_range",
            "height": {
                "type": "minecraft:uniform",
                "min_inclusive": {
                    "above_bottom": 0
                },
                "max_inclusive": {
                    "absolute": 256
                }
            }
        }
    ]
}