{
    "type": "minecraft:ore",
    "config": {
        "size": 25,
        "discard_chance_on_air_exposure": 0.05,
        "targets": [
            {
                "target": {
                    "predicate_type": "minecraft:tag_match",
                    "tag": "minecraft:stone_ore_replaceables"
                },
                "state": {
                    "Name": "minecraft:coal_ore"
                }
            },
            {
                "target": {
                    "predicate_type": "minecraft:tag_match",
                    "tag": "minecraft:deepslate_ore_replaceables"
                },
                "state": {
                    "Name": "minecraft:deepslate_coal_ore"
                }
            }
        ]
    }
}