{
    "type": "minecraft:ore",
    "config": {
        "size": 18,
        "discard_chance_on_air_exposure": 0.03,
        "targets": [
            {
                "target": {
                    "predicate_type": "minecraft:tag_match",
                    "tag": "minecraft:stone_ore_replaceables"
                },
                "state": {
                    "Name": "minecraft:gold_ore"
                }
            },
            {
                "target": {
                    "predicate_type": "minecraft:tag_match",
                    "tag": "minecraft:deepslate_ore_replaceables"
                },
                "state": {
                    "Name": "minecraft:deepslate_gold_ore"
                }
            }
        ]
    }
}