{
    "fallback": "minecraft:empty",
    "elements": [
        {
            "weight": 100,
            "element": {
                "element_type": "minecraft:single_pool_element",
                "projection": "terrain_matching",
                "location": "eds_dim:desert/sandpile/s_sandpile_1",
                "override_liquid_settings": "ignore_waterlogging",
                "processors": [
                    {
                        "processor_type": "minecraft:rule",
                        "rules": [
                            {
                                "position_predicate": {
                                    "predicate_type": "minecraft:axis_aligned_linear_pos",
                                    "axis": "y",
                                    "min_dist": 90,
                                    "max_dist": 100,
                                    "min_chance": 0,
                                    "max_chance": 1
                                },
                                "location_predicate": {
                                    "predicate_type": "minecraft:always_true"
                                },
                                "input_predicate": {
                                    "predicate_type": "minecraft:always_true"
                                },
                                "output_state": {
                                    "Name": "minecraft:emerald_block"
                                }
                            }
                        ]
                    }
                ]
            }
        },
        {
            "weight": 1,
            "element": {
                "element_type": "minecraft:single_pool_element",
                "projection": "terrain_matching",
                "location": "eds_dim:desert/sandpile/s_sandpile_2",
                "override_liquid_settings": "ignore_waterlogging",
                "processors": []
            }
        },
        {
            "weight": 1,
            "element": {
                "element_type": "minecraft:single_pool_element",
                "projection": "terrain_matching",
                "location": "eds_dim:desert/sandpile/s_sandpile_3",
                "override_liquid_settings": "ignore_waterlogging",
                "processors": []
            }
        },
        {
            "weight": 1,
            "element": {
                "element_type": "minecraft:single_pool_element",
                "projection": "terrain_matching",
                "location": "eds_dim:desert/sandpile/s_sandpile_4",
                "override_liquid_settings": "ignore_waterlogging",
                "processors": []
            }
        }
    ]
}
