{
    "fallback": "minecraft:empty",
    "elements": [
        {
            "weight": 4,
            "element": {
                "element_type": "minecraft:single_pool_element",
                "projection": "rigid",
                "location": "eds_dim:desert/sandpile/xl_sandpile",
                "override_liquid_settings": "ignore_waterlogging",
                "processors": []
            }
        },
        {
            "weight": 3,
            "element": {
                "element_type": "minecraft:single_pool_element",
                "projection": "rigid",
                "location": "eds_dim:desert/sandpile/xl_sandpile_oasis",
                "override_liquid_settings": "ignore_waterlogging",
                "processors": []
            }
        }
    ]
}
