{
    "type": "minecraft:random_patch",
    "config": {
        "tries": 90,
        "xz_spread": 7,
        "y_spread": 3,
        "feature": {
            "feature": {
                "type": "minecraft:simple_block",
                "config": {
                    "to_place": {
                        "type": "minecraft:weighted_state_provider",
                        "entries": [
                            {
                                "weight": 2,
                                "data": {
                                    "Name": "minecraft:short_grass"
                                }
                            },
                            {
                                "weight": 4,
                                "data": {
                                    "Name": "minecraft:fern"
                                }
                            }
                        ]
                    }
                }
            },
            "placement": [
                {
                    "type": "minecraft:block_predicate_filter",
                    "predicate": {
                        "type": "minecraft:matching_blocks",
                        "blocks": "minecraft:air"
                    }
                }
            ]
        }
    }
}