{
    "type": "minecraft:tree",
    "config": {
        "ignore_vines": true,
        "force_dirt": false,
        "minimum_size": {
            "type": "minecraft:two_layers_feature_size",
            "limit": 2,
            "lower_size": 0,
            "upper_size": 2
        },
        "dirt_provider": {
            "type": "minecraft:simple_state_provider",
            "state": {
                "Name": "minecraft:dirt"
            }
        },
        "trunk_provider": {
            "type": "minecraft:simple_state_provider",
            "state": {
                "Name": "minecraft:spruce_log",
                "Properties": {
                    "axis": "y"
                }
            }
        },
        "foliage_provider": {
            "type": "minecraft:simple_state_provider",
            "state": {
                "Name": "minecraft:mangrove_leaves",
                "Properties": {
                    "distance": "7",
                    "persistent": "false",
                    "waterlogged": "false"
                }
            }
        },
        "root_placer": {
            "type": "minecraft:mangrove_root_placer",
            "root_provider": {
                "type": "minecraft:weighted_state_provider",
                "entries": [
                    {
                        "weight": 1,
                        "data": {
                            "Name": "minecraft:spruce_wood"
                        }
                    },
                    {
                        "weight": 2,
                        "data": {
                            "Name": "minecraft:air"
                        }
                    }
                ]
            },
            "trunk_offset_y": 0,
            "mangrove_root_placement": {
                "max_root_width": 1,
                "max_root_length": 1,
                "random_skew_chance": 0,
                "can_grow_through": "minecraft:stone",
                "muddy_roots_in": "minecraft:water",
                "muddy_roots_provider": {
                    "type": "minecraft:simple_state_provider",
                    "state": {
                        "Name": "minecraft:stone"
                    }
                }
            }
        },
        "trunk_placer": {
            "type": "minecraft:straight_trunk_placer",
            "base_height": 5,
            "height_rand_a": 2,
            "height_rand_b": 2
        },
        "foliage_placer": {
            "type": "minecraft:spruce_foliage_placer",
            "radius": {
                "type": "minecraft:uniform",
                "min_inclusive": 2,
                "max_inclusive": 3
            },
            "offset": {
                "type": "minecraft:uniform",
                "min_inclusive": 0,
                "max_inclusive": 2
            },
            "trunk_height": {
                "type": "minecraft:uniform",
                "min_inclusive": 1,
                "max_inclusive": 2
            }
        },
        "decorators": []
    }
}
