{
    "feature": {
        "type": "minecraft:random_selector",
        "config": {
            "features": [
                {
                    "chance": 0.4,
                    "feature": {
                        "feature": "eds_dim:ice/fern_grass",
                        "placement": []
                    }
                },
                {
                    "chance": 0.4,
                    "feature": {
                        "feature": "eds_dim:ice/dead_coral",
                        "placement": []
                    }
                },
                {
                    "chance": 1,
                    "feature": {
                        "feature": "eds_dim:ice/flowers",
                        "placement": []
                    }
                }
            ],
            "default": {
                "feature": "minecraft:birch",
                "placement": []
            }
        }
    },
    "placement": [
        {
            "type": "minecraft:in_square"
        },
        {
            "type": "minecraft:heightmap",
            "heightmap": "WORLD_SURFACE_WG"
        },
        {
            "type": "minecraft:biome"
        }
    ]
}