{
    "feature": "eds_dim:ice/icey_trees",
    "placement": [
        {
            "type": "minecraft:count",
            "count": 2
        },
        {
            "type": "minecraft:in_square"
        },
        {
            "type": "minecraft:heightmap",
            "heightmap": "MOTION_BLOCKING"
        },
        {
            "type": "minecraft:block_predicate_filter",
            "predicate": {
                "type": "minecraft:matching_blocks",
                "offset": [
                    0,
                    -1,
                    0
                ],
                "blocks": [
                    "minecraft:ice",
                    "minecraft:stone",
                    "minecraft:packed_ice",
                    "minecraft:grass_block"
                ]
            }
        }
    ]
}
