{
    "feature": {
        "type": "minecraft:random_selector",
        "config": {
            "features": [
                {
                    "chance": 0.75,
                    "feature": {
                        "feature": "eds_dim:ice/mega_spruce",
                        "placement": []
                    }
                },
                {
                    "chance": 0.8,
                    "feature": {
                        "feature": "eds_dim:ice/spruce",
                        "placement": []
                    }
                }
            ],
            "default": {
                "feature": "minecraft:spruce",
                "placement": []
            }
        }
    },
    "placement": [
        {
            "type": "minecraft:count",
            "count": {
                "type": "minecraft:uniform",
                "min_inclusive": 1,
                "max_inclusive": 7
            }
        },
        {
            "type": "minecraft:in_square"
        },
        {
            "type": "minecraft:surface_water_depth_filter",
            "max_water_depth": 0
        },
        {
            "type": "minecraft:heightmap",
            "heightmap": "OCEAN_FLOOR"
        },
        {
            "type": "minecraft:block_predicate_filter",
            "predicate": {
                "type": "minecraft:matching_blocks",
                "offset": [
                    0,
                    -1,
                    0
                ],
                "blocks": [
                    "minecraft:snow_block",
                    "minecraft:stone",
                    "minecraft:grass_block"
                ]
            }
        }
    ]
}
