{
    "temperature": 2,
    "downfall": 0,
    "has_precipitation": false,
    "effects": {
        "sky_color": 15985614,
        "fog_color": 9848840,
        "water_color": 13161470,
        "water_fog_color": 65806,
        "mood_sound": {
            "sound": "minecraft:ambient.cave",
            "tick_delay": 6000,
            "block_search_extent": 8,
            "offset": 2
        },
        "music": {
            "sound": "minecraft:music.overworld.desert",
            "min_delay": 12000,
            "max_delay": 24000,
            "replace_current_music": false
        },
        "particle": {
            "options": {
                "type": "minecraft:smoke"
            },
            "probability": 0.004
        }
    },
    "spawners": {
        "ambient": [
            {
                "type": "minecraft:bat",
                "weight": 10,
                "minCount": 8,
                "maxCount": 8
            }
        ],
        "axolotls": [],
        "creature": [
            {
                "type": "minecraft:rabbit",
                "weight": 4,
                "minCount": 2,
                "maxCount": 3
            }
        ],
        "misc": [],
        "monster": [
            {
                "type": "minecraft:spider",
                "weight": 100,
                "minCount": 4,
                "maxCount": 4
            },
            {
                "type": "minecraft:zombie",
                "weight": 19,
                "minCount": 4,
                "maxCount": 4
            },
            {
                "type": "minecraft:zombie_villager",
                "weight": 1,
                "minCount": 1,
                "maxCount": 1
            },
            {
                "type": "minecraft:skeleton",
                "weight": 100,
                "minCount": 4,
                "maxCount": 4
            },
            {
                "type": "minecraft:creeper",
                "weight": 100,
                "minCount": 4,
                "maxCount": 4
            },
            {
                "type": "minecraft:slime",
                "weight": 100,
                "minCount": 4,
                "maxCount": 4
            },
            {
                "type": "minecraft:enderman",
                "weight": 10,
                "minCount": 1,
                "maxCount": 4
            },
            {
                "type": "minecraft:witch",
                "weight": 5,
                "minCount": 1,
                "maxCount": 1
            },
            {
                "type": "minecraft:husk",
                "weight": 80,
                "minCount": 4,
                "maxCount": 4
            }
        ],
        "underground_water_creature": [
            {
                "type": "minecraft:glow_squid",
                "weight": 10,
                "minCount": 4,
                "maxCount": 6
            }
        ],
        "water_ambient": [],
        "water_creature": []
    },
    "spawn_costs": {},
    "carvers": {
        "air": [
            "minecraft:cave",
            "minecraft:cave_extra_underground",
            "minecraft:canyon"
        ]
    },
    "features": [
        [
            "minecraft:amethyst_geode",
            "eds_dim:desert/sandblob"
        ],
        [
            "eds_dim:desert/glass_disk"
        ],
        [
            "minecraft:fossil_upper",
            "minecraft:fossil_lower",
            "minecraft:monster_room",
            "minecraft:monster_room_deep"
        ],
        [
            "minecraft:ore_gravel",
            "minecraft:ore_granite_upper",
            "minecraft:ore_granite_lower",
            "minecraft:ore_diorite_upper",
            "minecraft:ore_diorite_lower",
            "minecraft:ore_andesite_upper",
            "minecraft:ore_andesite_lower",
            "minecraft:ore_tuff",
            "minecraft:ore_coal_upper",
            "minecraft:ore_coal_lower",
            "minecraft:ore_iron_upper",
            "minecraft:ore_iron_middle",
            "minecraft:ore_iron_small",
            "minecraft:ore_gold",
            "minecraft:ore_gold_lower",
            "minecraft:ore_redstone",
            "minecraft:ore_redstone_lower",
            "minecraft:ore_diamond",
            "minecraft:ore_diamond_medium",
            "minecraft:ore_diamond_large",
            "minecraft:ore_diamond_buried",
            "minecraft:ore_lapis",
            "minecraft:ore_lapis_buried",
            "minecraft:ore_copper",
            "minecraft:underwater_magma",
            "minecraft:disk_sand",
            "minecraft:disk_clay",
            "minecraft:disk_gravel"
        ],
        [
            "minecraft:spring_water"
        ],
        [
            "minecraft:glow_lichen",
            "minecraft:flower_default",
            "minecraft:patch_grass_badlands",
            "minecraft:patch_dead_bush_2",
            "minecraft:brown_mushroom_normal",
            "minecraft:red_mushroom_normal",
            "minecraft:patch_sugar_cane_desert",
            "minecraft:patch_pumpkin",
            "minecraft:patch_cactus_desert"
        ],
        [
            "eds_dim:desert/iron_geode",
            "eds_dim:desert/coal_geode",
            "eds_dim:desert/diamond_geode",
            "eds_dim:desert/gold_geode",
            "eds_dim:desert/magma_geode",
            "eds_dim:extra_ore/desert_iron",
            "eds_dim:extra_ore/gold",
            "eds_dim:extra_ore/emerald",
            "eds_dim:extra_ore/coal"
        ],
        [
            "eds_dim:desert/basalt_pillar",
            "eds_dim:desert/floating_pile",
            "eds_dim:desert/dead_tree"
        ]
    ]
}
