{
    "temperature": 1,
    "downfall": 0,
    "has_precipitation": true,
    "creature_spawn_probability": 0.02,
    "effects": {
        "sky_color": 6389493,
        "fog_color": 801577,
        "water_color": 322555,
        "water_fog_color": 329011,
        "grass_color": 58926,
        "foliage_color": 58926,
        "mood_sound": {
            "sound": "minecraft:ambient.cave",
            "tick_delay": 6000,
            "block_search_extent": 8,
            "offset": 2
        },
        "music": {
            "sound": "minecraft:music.overworld.badlands",
            "min_delay": 12000,
            "max_delay": 24000,
            "replace_current_music": false
        },
        "particle": {
            "options": {
                "type": "minecraft:ash"
            },
            "probability": 0.08
        }
    },
    "spawners": {
        "ambient": [
            {
                "type": "minecraft:bat",
                "weight": 10,
                "minCount": 8,
                "maxCount": 8
            }
        ],
        "axolotls": [
            {
                "type": "minecraft:axolotl",
                "weight": 5,
                "minCount": 1,
                "maxCount": 3
            }
        ],
        "creature": [
            {
                "type": "minecraft:armadillo",
                "weight": 6,
                "minCount": 1,
                "maxCount": 2
            }
        ],
        "misc": [],
        "monster": [
            {
                "type": "minecraft:spider",
                "weight": 100,
                "minCount": 4,
                "maxCount": 4
            },
            {
                "type": "minecraft:zombie",
                "weight": 95,
                "minCount": 4,
                "maxCount": 4
            },
            {
                "type": "minecraft:zombie_villager",
                "weight": 5,
                "minCount": 1,
                "maxCount": 1
            },
            {
                "type": "minecraft:skeleton",
                "weight": 100,
                "minCount": 4,
                "maxCount": 4
            },
            {
                "type": "minecraft:creeper",
                "weight": 100,
                "minCount": 4,
                "maxCount": 4
            },
            {
                "type": "minecraft:slime",
                "weight": 100,
                "minCount": 4,
                "maxCount": 4
            },
            {
                "type": "minecraft:enderman",
                "weight": 10,
                "minCount": 1,
                "maxCount": 4
            },
            {
                "type": "minecraft:witch",
                "weight": 5,
                "minCount": 1,
                "maxCount": 1
            }
        ],
        "underground_water_creature": [
            {
                "type": "minecraft:glow_squid",
                "weight": 2,
                "minCount": 4,
                "maxCount": 6
            }
        ],
        "water_ambient": [],
        "water_creature": []
    },
    "spawn_costs": {},
    "carvers": {
        "air": [
            "minecraft:cave",
            "minecraft:cave_extra_underground",
            "minecraft:canyon"
        ]
    },
    "features": [
        [],
        [
            "minecraft:lake_lava_underground"
        ],
        [
            "minecraft:monster_room",
            "minecraft:monster_room_deep"
        ],
        [],
        [
            "minecraft:ore_dirt",
            "minecraft:ore_granite_upper",
            "minecraft:ore_granite_lower",
            "minecraft:ore_diorite_upper",
            "minecraft:ore_diorite_lower",
            "minecraft:ore_andesite_upper",
            "minecraft:ore_andesite_lower",
            "minecraft:ore_tuff",
            "minecraft:ore_coal_upper",
            "minecraft:ore_coal_lower",
            "minecraft:ore_iron_upper",
            "minecraft:ore_iron_middle",
            "minecraft:ore_iron_small",
            "minecraft:ore_gold",
            "minecraft:ore_gold_lower",
            "minecraft:ore_redstone",
            "minecraft:ore_redstone_lower",
            "minecraft:ore_diamond",
            "minecraft:ore_diamond_medium",
            "minecraft:ore_diamond_large",
            "minecraft:ore_diamond_buried",
            "minecraft:ore_lapis",
            "minecraft:ore_lapis_buried",
            "minecraft:ore_copper",
            "minecraft:underwater_magma",
            "minecraft:ore_gold_extra",
            "minecraft:disk_sand",
            "minecraft:disk_clay"
        ],
        [],
        [
            "minecraft:spring_water"
        ],
        [   
            "minecraft:glow_lichen",
            "minecraft:brown_mushroom_normal",
            "minecraft:red_mushroom_normal",
            "minecraft:patch_sugar_cane_badlands",
            "minecraft:patch_pumpkin"
        ],
        [
            "eds_dim:forest/big_oak",
            "eds_dim:forest/wood_fungus",
            "eds_dim:forest/extra_tree",
            "eds_dim:forest/extra_big_tree",
            "eds_dim:forest/vegitation"
        ],
        [
            "eds_dim:extra_ore/iron",
            "eds_dim:extra_ore/lapis",
            "eds_dim:extra_ore/redstone",
            "eds_dim:extra_ore/diamond",
            "eds_dim:forest/floating_pile",
            "eds_dim:forest/forest_rock"
        ],
        [
            "eds_dim:forest/dripstone",
            "minecraft:patch_grass_badlands",
            "minecraft:patch_tall_grass_2",
            "minecraft:patch_grass_plain",
            "minecraft:flower_meadow",
            "minecraft:trees_meadow",
            "minecraft:patch_sugar_cane",
            "seagrass_swamp"
        ]
    ]
}
