{
    "type": "minecraft:tree",
    "config": {
        "ignore_vines": true,
        "force_dirt": false,
        "minimum_size": {
            "type": "minecraft:two_layers_feature_size",
            "min_clipped_height": 4,
            "limit": 0,
            "lower_size": 0,
            "upper_size": 0
        },
        "dirt_provider": {
            "type": "minecraft:simple_state_provider",
            "state": {
                "Name": "minecraft:dirt"
            }
        },
        "trunk_provider": {
            "type": "minecraft:simple_state_provider",
            "state": {
                "Name": "minecraft:stripped_dark_oak_log",
                "Properties": {
                    "axis": "y"
                }
            }
        },
        "foliage_provider": {
            "type": "minecraft:simple_state_provider",
            "state": {
                "Name": "minecraft:air",
                "Properties": {}
            }
        },
        "trunk_placer": {
            "type": "minecraft:fancy_trunk_placer",
            "base_height": 2,
            "height_rand_a": 10,
            "height_rand_b": 1
        },
        "foliage_placer": {
            "type": "minecraft:blob_foliage_placer",
            "radius": 1,
            "offset": 1,
            "height": 1
        },
        "decorators": [
            {
                "type": "minecraft:alter_ground",
                "provider": {
                    "type": "minecraft:weighted_state_provider",
                    "entries": [
                        {
                            "weight": 4,
                            "data": {
                                "Name": "minecraft:sand"
                            }
                        },
                        {
                            "weight": 1,
                            "data": {
                                "Name": "minecraft:sandstone"
                            }
                        }
                    ]
                }
            }
        ]
    }
}
