{
    "type": "minecraft:geode",
    "config": {
        "blocks": {
            "filling_provider": {
                "type": "minecraft:simple_state_provider",
                "state": {
                    "Name": "minecraft:deepslate_diamond_ore"
                }
            },
            "inner_layer_provider": {
                "type": "minecraft:simple_state_provider",
                "state": {
                    "Name": "minecraft:obsidian"
                }
            },
            "alternate_inner_layer_provider": {
                "type": "minecraft:simple_state_provider",
                "state": {
                    "Name": "minecraft:air"
                }
            },
            "middle_layer_provider": {
                "type": "minecraft:simple_state_provider",
                "state": {
                    "Name": "minecraft:smooth_basalt"
                }
            },
            "outer_layer_provider": {
                "type": "minecraft:simple_state_provider",
                "state": {
                    "Name": "minecraft:blackstone"
                }
            },
            "inner_placements": [
                {
                    "Name": "minecraft:stone"
                }
            ],
            "cannot_replace": "#minecraft:features_cannot_replace",
            "invalid_blocks": "#minecraft:geode_invalid_blocks"
        },
        "layers": {
            "filling": 0.7,
            "inner_layer": 0.8,
            "middle_layer": 1.5,
            "outer_layer": 2.2
        },
        "crack": {
            "generate_crack_chance": 0.95,
            "base_crack_size": 2,
            "crack_point_offset": 2
        },
        "noise_multiplier": 0.05,
        "use_potential_placements_chance": 0.35,
        "use_alternate_layer0_chance": 0.083,
        "placements_require_layer0_alternate": true,
        "outer_wall_distance": {
            "type": "minecraft:uniform",
            "min_inclusive": 2,
            "max_inclusive": 4
        },
        "distribution_points": {
            "type": "minecraft:uniform",
            "min_inclusive": 3,
            "max_inclusive": 4
        },
        "point_offset": {
            "type": "minecraft:uniform",
            "min_inclusive": 1,
            "max_inclusive": 2
        },
        "min_gen_offset": -16,
        "max_gen_offset": 16,
        "invalid_blocks_threshold": 1
    }
}
