{
    "type": "minecraft:geode",
    "config": {
        "blocks": {
            "filling_provider": {
                "type": "minecraft:simple_state_provider",
                "state": {
                    "Name": "minecraft:water"
                }
            },
            "inner_layer_provider": {
                "type": "minecraft:simple_state_provider",
                "state": {
                    "Name": "minecraft:gold_ore"
                }
            },
            "alternate_inner_layer_provider": {
                "type": "minecraft:simple_state_provider",
                "state": {
                    "Name": "minecraft:raw_gold_block"
                }
            },
            "middle_layer_provider": {
                "type": "minecraft:simple_state_provider",
                "state": {
                    "Name": "minecraft:dirt"
                }
            },
            "outer_layer_provider": {
                "type": "minecraft:simple_state_provider",
                "state": {
                    "Name": "minecraft:andesite"
                }
            },
            "inner_placements": [
                {
                    "Name": "minecraft:stone"
                }
            ],
            "cannot_replace": "#minecraft:features_cannot_replace",
            "invalid_blocks": "#minecraft:geode_invalid_blocks"
        },
        "layers": {
            "filling": 2,
            "inner_layer": 2.5,
            "middle_layer": 3.5,
            "outer_layer": 4.5
        },
        "crack": {
            "generate_crack_chance": 0.95,
            "base_crack_size": 2,
            "crack_point_offset": 2
        },
        "noise_multiplier": 0.05,
        "use_potential_placements_chance": 0.35,
        "use_alternate_layer0_chance": 0.083,
        "placements_require_layer0_alternate": true,
        "outer_wall_distance": {
            "type": "minecraft:uniform",
            "min_inclusive": 4,
            "max_inclusive": 6
        },
        "distribution_points": {
            "type": "minecraft:uniform",
            "min_inclusive": 3,
            "max_inclusive": 4
        },
        "point_offset": {
            "type": "minecraft:uniform",
            "min_inclusive": 1,
            "max_inclusive": 2
        },
        "min_gen_offset": -16,
        "max_gen_offset": 16,
        "invalid_blocks_threshold": 1
    }
}
