{
    "type": "minecraft:tree",
    "config": {
        "ignore_vines": false,
        "force_dirt": false,
        "minimum_size": {
            "type": "minecraft:two_layers_feature_size",
            "min_clipped_height": 1,
            "limit": 1,
            "lower_size": 1,
            "upper_size": 2
        },
        "dirt_provider": {
            "type": "minecraft:simple_state_provider",
            "state": {
                "Name": "minecraft:sandstone"
            }
        },
        "trunk_provider": {
            "type": "minecraft:simple_state_provider",
            "state": {
                "Name": "minecraft:sand"
            }
        },
        "foliage_provider": {
            "type": "minecraft:simple_state_provider",
            "state": {
                "Name": "minecraft:sand"
            }
        },
        "trunk_placer": {
            "type": "minecraft:straight_trunk_placer",
            "base_height": 0,
            "height_rand_a": 0,
            "height_rand_b": 0
        },
        "foliage_placer": {
            "type": "minecraft:mega_pine_foliage_placer",
            "radius": {
                "type": "minecraft:uniform",
                "min_inclusive": 1,
                "max_inclusive": 6
            },
            "offset": 0,
            "crown_height": 2
        },
        "decorators": []
    }
}
