{
    "type": "minecraft:tree",
    "config": {
        "minimum_size": {
            "type": "minecraft:two_layers_feature_size"
        },
        "dirt_provider": {
            "type": "minecraft:simple_state_provider",
            "state": {
                "Name": "minecraft:sand"
            }
        },
        "trunk_provider": {
            "type": "minecraft:simple_state_provider",
            "state": {
                "Name": "minecraft:sand"
            }
        },
        "foliage_provider": {
            "type": "minecraft:simple_state_provider",
            "state": {
                "Name": "minecraft:sand"
            }
        },
        "trunk_placer": {
            "type": "minecraft:straight_trunk_placer",
            "base_height": 0,
            "height_rand_a": 0,
            "height_rand_b": 0
        },
        "foliage_placer": {
            "type": "minecraft:bush_foliage_placer",
            "radius": {
                "type": "minecraft:uniform",
                "min_inclusive": 1,
                "max_inclusive": 3
            },
            "offset": {
                "type": "minecraft:uniform",
                "min_inclusive": 0,
                "max_inclusive": 1
            },
            "height":1
        },
        "decorators": []
    }
}
