{
    "sea_level": -32,
    "disable_mob_generation": false,
    "aquifers_enabled": false,
    "ore_veins_enabled": false,
    "legacy_random_source": true,
    "default_block": {
        "Name": "minecraft:stone"
    },
    "default_fluid": {
        "Name": "minecraft:lava",
        "Properties": {
            "level": "0"
        }
    },
    "noise": {
        "min_y": -64,
        "height": 192,
        "size_horizontal": 1,
        "size_vertical": 2
    },
    "noise_router": {
        "barrier": 0,
        "fluid_level_floodedness": 0,
        "fluid_level_spread": 0,
        "lava": 0,
        "temperature": {
            "type": "minecraft:shifted_noise",
            "noise": "minecraft:temperature",
            "xz_scale": 0.25,
            "y_scale": 0,
            "shift_x": "minecraft:shift_x",
            "shift_y": 0,
            "shift_z": "minecraft:shift_z"
        },
        "vegetation": {
            "type": "minecraft:shifted_noise",
            "noise": "minecraft:vegetation",
            "xz_scale": 0.25,
            "y_scale": 0,
            "shift_x": "minecraft:shift_x",
            "shift_y": 0,
            "shift_z": "minecraft:shift_z"
        },
        "continents": 0,
        "erosion": 0,
        "depth": 0,
        "ridges": 0,
        "initial_density_without_jaggedness": 0,
        "final_density": {
            "type": "minecraft:add",
            "argument1": {
                "type": "minecraft:mul",
                "argument1": {
                    "type": "minecraft:mul",
                    "argument1": {
                        "type": "minecraft:y_clamped_gradient",
                        "from_y": 105,
                        "to_y": 107,
                        "from_value": 0,
                        "to_value": 1
                    },
                    "argument2": {
                        "type": "minecraft:y_clamped_gradient",
                        "from_y": 107,
                        "to_y": 105,
                        "from_value": 0,
                        "to_value": 1
                    }
                },
                "argument2": "minecraft:overworld/base_3d_noise"
            },
            "argument2": {
                "type": "minecraft:mul",
                "argument1": {
                    "type": "minecraft:y_clamped_gradient",
                    "from_y": 105,
                    "to_y": 106,
                    "from_value": 1,
                    "to_value": 0
                },
                "argument2": {
                    "type": "minecraft:squeeze",
                    "argument": {
                        "type": "minecraft:mul",
                        "argument1": 0.64,
                        "argument2": {
                            "type": "minecraft:interpolated",
                            "argument": {
                                "type": "minecraft:blend_density",
                                "argument": {
                                    "type": "minecraft:add",
                                    "argument1": 2.59,
                                    "argument2": {
                                        "type": "minecraft:mul",
                                        "argument1": {
                                            "type": "minecraft:y_clamped_gradient",
                                            "from_y": -72,
                                            "to_y": -40,
                                            "from_value": 0,
                                            "to_value": 1
                                        },
                                        "argument2": {
                                            "type": "minecraft:add",
                                            "argument1": -2.5,
                                            "argument2": {
                                                "type": "minecraft:add",
                                                "argument1": 0.9375,
                                                "argument2": {
                                                    "type": "minecraft:mul",
                                                    "argument1": {
                                                        "type": "minecraft:y_clamped_gradient",
                                                        "from_y": 103,
                                                        "to_y": 128,
                                                        "from_value": 1,
                                                        "to_value": 0
                                                    },
                                                    "argument2": {
                                                        "type": "minecraft:add",
                                                        "argument1": -0.9375,
                                                        "argument2": "minecraft:nether/base_3d_noise"
                                                    }
                                                }
                                            }
                                        }
                                    }
                                }
                            }
                        }
                    }
                }
            }
        },
        "vein_toggle": 0,
        "vein_ridged": 0,
        "vein_gap": 0
    },
    "spawn_target": [],
    "surface_rule": {
        "type": "minecraft:sequence",
        "sequence": [
            {
                "type": "minecraft:condition",
                "if_true": {
                    "type": "minecraft:biome",
                    "biome_is": [
                        "eds_dim:void"
                    ]
                },
                "then_run": {
                    "type": "minecraft:sequence",
                    "sequence": [
                        {
                            "type": "minecraft:condition",
                            "if_true": {
                                "type":"minecraft:not",
                                "invert": {
                                    "type": "minecraft:vertical_gradient",
                                    "random_name": "air",
                                    "true_at_and_below": {
                                        "above_bottom": -2032
                                    },
                                    "false_at_and_above": {
                                        "below_top": -20
                                    }
                                }
                            },
                            "then_run": {
                                "type": "minecraft:block",
                                "result_state": {
                                    "Name": "minecraft:air"
                                }
                            }
                        },
                        {
                            "type": "minecraft:condition",
                            "if_true": {
                                "type":"minecraft:not",
                                "invert": {
                                    "type": "minecraft:vertical_gradient",
                                    "random_name": "air2",
                                    "true_at_and_below": {
                                        "above_bottom": -2032
                                    },
                                    "false_at_and_above": {
                                        "below_top": -20
                                    }
                                }
                            },
                            "then_run": {
                                "type": "minecraft:block",
                                "result_state": {
                                    "Name": "minecraft:air"
                                }
                            }
                        },
                        {
                            "type": "minecraft:condition",
                            "if_true": {
                                "type":"minecraft:not",
                                "invert": {
                                    "type": "minecraft:vertical_gradient",
                                    "random_name": "air3",
                                    "true_at_and_below": {
                                        "above_bottom": -2032
                                    },
                                    "false_at_and_above": {
                                        "below_top": -20
                                    }
                                }
                            },
                            "then_run": {
                                "type": "minecraft:block",
                                "result_state": {
                                    "Name": "minecraft:air"
                                }
                            }
                        }
                    ]
                }
            },
            {
                "type": "minecraft:condition",
                "if_true": {
                    "type": "minecraft:vertical_gradient",
                    "random_name": "minecraft:bedrock_floor",
                    "true_at_and_below": {
                        "above_bottom": 0
                    },
                    "false_at_and_above": {
                        "above_bottom": 5
                    }
                },
                "then_run": {
                    "type": "minecraft:block",
                    "result_state": {
                        "Name": "minecraft:bedrock"
                    }
                }
            },
            {
                "type": "minecraft:condition",
                "if_true": {
                    "type": "minecraft:y_above",
                    "anchor": {
                        "absolute": 105
                    },
                    "surface_depth_multiplier": 0,
                    "add_stone_depth": false
                },
                "then_run": {
                    "type": "minecraft:condition",
                    "if_true": {
                        "type": "minecraft:stone_depth",
                        "offset": 0,
                        "surface_type": "ceiling",
                        "add_surface_depth": false,
                        "secondary_depth_range": 0
                    },
                    "then_run": {
                        "type": "minecraft:block",
                        "result_state": {
                            "Name": "minecraft:air"
                        }
                    }
                }
            },
            {
                "type": "minecraft:condition",
                "if_true": {
                    "type": "minecraft:biome",
                    "biome_is": [
                        "eds_dim:the_forest"
                    ]
                },
                "then_run": {
                    "type": "minecraft:sequence",
                    "sequence": [
                        {
                            "type": "minecraft:condition",
                            "if_true": {
                                "type": "minecraft:vertical_gradient",
                                "random_name": "minecraft:deepslate",
                                "true_at_and_below": {
                                    "above_bottom": 83
                                },
                                "false_at_and_above": {
                                    "above_bottom": 110
                                }
                            },
                            "then_run": {
                                "type": "minecraft:block",
                                "result_state": {
                                    "Name": "minecraft:deepslate",
                                    "Properties": {
                                        "axis": "y"
                                    }
                                }
                            }
                        },
                        {
                            "type": "minecraft:condition",
                            "if_true": {
                                "type": "minecraft:y_above",
                                "anchor": {
                                    "absolute": 57
                                },
                                "surface_depth_multiplier": 1,
                                "add_stone_depth": false
                            },
                            "then_run": {
                                "type": "minecraft:sequence",
                                "sequence": [
                                    {
                                        "type": "minecraft:condition",
                                        "if_true": {
                                            "type": "minecraft:y_above",
                                            "anchor": {
                                                "absolute": 102
                                            },
                                            "surface_depth_multiplier": 0,
                                            "add_stone_depth": false
                                        },
                                        "then_run": {
                                            "type": "minecraft:condition",
                                            "if_true": {
                                                "type": "minecraft:stone_depth",
                                                "offset": 0,
                                                "surface_type": "ceiling",
                                                "add_surface_depth": false,
                                                "secondary_depth_range": 0
                                            },
                                            "then_run": {
                                                "type": "minecraft:block",
                                                "result_state": {
                                                    "Name": "minecraft:calcite"
                                                }
                                            }
                                        }
                                    },
                                    {
                                        "type": "minecraft:condition",
                                        "if_true": {
                                            "type": "minecraft:noise_threshold",
                                            "noise": "minecraft:surface",
                                            "min_threshold": 0,
                                            "max_threshold": 0.1
                                        },
                                        "then_run": {
                                            "type": "minecraft:condition",
                                            "if_true": {
                                                "type": "minecraft:y_above",
                                                "anchor": {
                                                    "absolute": 105
                                                },
                                                "surface_depth_multiplier": 0,
                                                "add_stone_depth": false
                                            },
                                            "then_run": {
                                                "type": "minecraft:block",
                                                "result_state": {
                                                    "Name": "minecraft:water"
                                                }
                                            }
                                        }
                                    },
                                    {
                                        "type": "minecraft:condition",
                                        "if_true": {
                                            "type": "minecraft:noise_threshold",
                                            "noise": "minecraft:surface",
                                            "min_threshold": -0.005,
                                            "max_threshold": 0.105
                                        },
                                        "then_run": {
                                            "type": "minecraft:condition",
                                            "if_true": {
                                                "type": "minecraft:y_above",
                                                "anchor": {
                                                    "absolute": 105
                                                },
                                                "surface_depth_multiplier": 0,
                                                "add_stone_depth": false
                                            },
                                            "then_run": {
                                                "type": "minecraft:block",
                                                "result_state": {
                                                    "Name": "minecraft:sand"
                                                }
                                            }
                                        }
                                    },
                                    {
                                        "type": "minecraft:condition",
                                        "if_true": {
                                            "type": "minecraft:noise_threshold",
                                            "noise": "minecraft:surface",
                                            "min_threshold": -0.05,
                                            "max_threshold": 0.15
                                        },
                                        "then_run": {
                                            "type": "minecraft:condition",
                                            "if_true": {
                                                "type": "minecraft:y_above",
                                                "anchor": {
                                                    "absolute": 104
                                                },
                                                "surface_depth_multiplier": 0,
                                                "add_stone_depth": false
                                            },
                                            "then_run": {
                                                "type": "minecraft:block",
                                                "result_state": {
                                                    "Name": "minecraft:calcite"
                                                }
                                            }
                                        }
                                    },
                                    {
                                        "type": "minecraft:condition",
                                        "if_true": {
                                            "type": "minecraft:noise_threshold",
                                            "noise": "minecraft:surface",
                                            "min_threshold": -0.052,
                                            "max_threshold": 0.152
                                        },
                                        "then_run": {
                                            "type": "minecraft:condition",
                                            "if_true": {
                                                "type": "minecraft:y_above",
                                                "anchor": {
                                                    "absolute": 104
                                                },
                                                "surface_depth_multiplier": 0,
                                                "add_stone_depth": false
                                            },
                                            "then_run": {
                                                "type": "minecraft:block",
                                                "result_state": {
                                                    "Name": "minecraft:sand"
                                                }
                                            }
                                        }
                                    },
                                    {
                                        "type": "minecraft:condition",
                                        "if_true": {
                                            "type": "minecraft:y_above",
                                            "anchor": {
                                                "absolute": 104
                                            },
                                            "surface_depth_multiplier": 0,
                                            "add_stone_depth": false
                                        },
                                        "then_run": {
                                            "type": "minecraft:sequence",
                                            "sequence": [
                                                {
                                                    "type": "minecraft:condition",
                                                    "if_true": {
                                                        "type": "minecraft:noise_threshold",
                                                        "noise": "minecraft:surface",
                                                        "min_threshold": -0.65,
                                                        "max_threshold": -0.6
                                                    },
                                                    "then_run": {
                                                        "type": "minecraft:block",
                                                        "result_state": {
                                                            "Name": "minecraft:mud"
                                                        }
                                                    }
                                                }
                                            ]
                                        }
                                    },
                                    {
                                        "type": "minecraft:condition",
                                        "if_true": {
                                            "type": "minecraft:y_above",
                                            "anchor": {
                                                "absolute": 95
                                            },
                                            "surface_depth_multiplier": 0,
                                            "add_stone_depth": false
                                        },
                                        "then_run": {
                                            "type": "minecraft:sequence",
                                            "sequence": [
                                                {
                                                    "type": "minecraft:condition",
                                                    "if_true": {
                                                        "type": "minecraft:stone_depth",
                                                        "offset": 0,
                                                        "surface_type": "floor",
                                                        "add_surface_depth": false,
                                                        "secondary_depth_range": 0
                                                    },
                                                    "then_run": {
                                                        "type": "minecraft:block",
                                                        "result_state": {
                                                            "Name": "minecraft:grass_block"
                                                        }
                                                    }
                                                },
                                                {
                                                    "type": "minecraft:condition",
                                                    "if_true": {
                                                        "type": "minecraft:stone_depth",
                                                        "offset": 4,
                                                        "surface_type": "floor",
                                                        "add_surface_depth": false,
                                                        "secondary_depth_range": 0
                                                    },
                                                    "then_run": {
                                                        "type": "minecraft:block",
                                                        "result_state": {
                                                            "Name": "minecraft:dirt"
                                                        }
                                                    }
                                                }
                                            ]
                                        }
                                    },
                                    {
                                        "type": "minecraft:block",
                                        "result_state": {
                                            "Name": "minecraft:terracotta"
                                        }
                                    }
                                ]
                            }
                        }
                    ]
                }
            },
            {
                "type": "minecraft:condition",
                "if_true": {
                    "type": "minecraft:biome",
                    "biome_is": [
                        "eds_dim:glass_desert"
                    ]
                },
                "then_run": {
                    "type": "minecraft:sequence",
                    "sequence": [
                        {
                            "type": "minecraft:condition",
                            "if_true": {
                                "type": "minecraft:not",
                                "invert": {
                                    "type": "minecraft:y_above",
                                    "anchor": {
                                        "above_bottom": 85
                                    },
                                    "surface_depth_multiplier": 0,
                                    "add_stone_depth": false
                                }
                            },
                            "then_run": {
                                "type": "minecraft:condition",
                                "if_true": {
                                    "type": "minecraft:stone_depth",
                                    "offset": 0,
                                    "surface_type": "ceiling",
                                    "add_surface_depth": false,
                                    "secondary_depth_range": 0
                                },
                                "then_run": {
                                    "type": "minecraft:condition",
                                    "if_true": {
                                        "type": "minecraft:vertical_gradient",
                                        "random_name": "deepslate",
                                        "true_at_and_below": {
                                            "absolute": -4
                                        },
                                        "false_at_and_above": {
                                            "absolute": 15
                                        }
                                    },
                                    "then_run": {
                                        "type": "minecraft:block",
                                        "result_state": {
                                            "Name": "minecraft:blackstone"
                                        }
                                    }
                                }
                            }
                        },
                        {
                            "type": "minecraft:condition",
                            "if_true": {
                                "type": "minecraft:vertical_gradient",
                                "random_name": "minecraft:deepslate",
                                "true_at_and_below": {
                                    "above_bottom": 83
                                },
                                "false_at_and_above": {
                                    "above_bottom": 110
                                }
                            },
                            "then_run": {
                                "type": "minecraft:block",
                                "result_state": {
                                    "Name": "minecraft:deepslate",
                                    "Properties": {
                                        "axis": "y"
                                    }
                                }
                            }
                        },
                        {
                            "type": "minecraft:condition",
                            "if_true": {
                                "type": "minecraft:y_above",
                                "anchor": {
                                    "absolute": 70
                                },
                                "surface_depth_multiplier": 0,
                                "add_stone_depth": false
                            },
                            "then_run": {
                                "type": "minecraft:condition",
                                "if_true": {
                                    "type": "minecraft:stone_depth",
                                    "offset": 1,
                                    "surface_type": "ceiling",
                                    "add_surface_depth": false,
                                    "secondary_depth_range": 0
                                },
                                "then_run": {
                                    "type": "minecraft:block",
                                    "result_state": {
                                        "Name": "minecraft:sandstone"
                                    }
                                }
                            }
                        },
                        {
                            "type": "minecraft:condition",
                            "if_true": {
                                "type": "minecraft:y_above",
                                "anchor": {
                                    "absolute": 77
                                },
                                "surface_depth_multiplier": 0,
                                "add_stone_depth": false
                            },
                            "then_run": {
                                "type": "minecraft:sequence",
                                "sequence": [
                                    {
                                        "type": "minecraft:condition",
                                        "if_true": {
                                            "type": "minecraft:noise_threshold",
                                            "noise": "minecraft:surface",
                                            "min_threshold": -0.1,
                                            "max_threshold": 0
                                        },
                                        "then_run": {
                                            "type": "minecraft:block",
                                            "result_state": {
                                                "Name": "minecraft:red_sand"
                                            }
                                        }
                                    },
                                    {
                                        "type": "minecraft:condition",
                                        "if_true": {
                                            "type": "minecraft:stone_depth",
                                            "offset": 0,
                                            "surface_type": "floor",
                                            "add_surface_depth": false,
                                            "secondary_depth_range": 0
                                        },
                                        "then_run": {
                                            "type": "minecraft:condition",
                                            "if_true": {
                                                "type": "minecraft:y_above",
                                                "anchor": {
                                                    "absolute": 103
                                                },
                                                "surface_depth_multiplier": 0,
                                                "add_stone_depth": false
                                            },
                                            "then_run": {
                                                "type": "minecraft:condition",
                                                "if_true": {
                                                    "type": "minecraft:not",
                                                    "invert": {
                                                        "type": "minecraft:y_above",
                                                        "anchor": {
                                                            "absolute": 106
                                                        },
                                                        "surface_depth_multiplier": 0,
                                                        "add_stone_depth": false
                                                    }
                                                },
                                                "then_run": {
                                                    "type": "minecraft:condition",
                                                    "if_true": {
                                                        "type": "minecraft:noise_threshold",
                                                        "noise": "minecraft:surface",
                                                        "min_threshold": 0.75,
                                                        "max_threshold": 0.9
                                                    },
                                                    "then_run": {
                                                        "type": "minecraft:block",
                                                        "result_state": {
                                                            "Name": "minecraft:water"
                                                        }
                                                    }
                                                }
                                            }
                                        }
                                    },
                                    {
                                        "type": "minecraft:condition",
                                        "if_true": {
                                            "type": "minecraft:y_above",
                                            "anchor": {
                                                "absolute": 92
                                            },
                                            "surface_depth_multiplier": 0,
                                            "add_stone_depth": false
                                        },
                                        "then_run": {
                                            "type": "minecraft:block",
                                            "result_state": {
                                                "Name": "minecraft:sand"
                                            }
                                        }
                                    },
                                    {
                                        "type": "minecraft:condition",
                                        "if_true": {
                                            "type": "minecraft:y_above",
                                            "anchor": {
                                                "absolute": 77
                                            },
                                            "surface_depth_multiplier": 1,
                                            "add_stone_depth": false
                                        },
                                        "then_run": {
                                            "type": "minecraft:condition",
                                            "if_true": {
                                                "type": "minecraft:not",
                                                "invert": {
                                                    "type": "minecraft:y_above",
                                                    "anchor": {
                                                        "absolute": 92
                                                    },
                                                    "surface_depth_multiplier": 0,
                                                    "add_stone_depth": false
                                                }
                                            },
                                            "then_run": {
                                                "type": "minecraft:block",
                                                "result_state": {
                                                    "Name": "minecraft:sandstone"
                                                }
                                            }
                                        }
                                    }
                                ]
                            }
                        },
                        {
                            "type": "minecraft:condition",
                            "if_true": {
                                "type": "minecraft:stone_depth",
                                "offset": 0,
                                "surface_type": "ceiling",
                                "add_surface_depth": false,
                                "secondary_depth_range": 0
                            },
                            "then_run": {
                                "type": "minecraft:block",
                                "result_state": {
                                    "Name": "minecraft:andesite"
                                }
                            }
                        },
                        {
                            "type": "minecraft:condition",
                            "if_true": {
                                "type": "minecraft:y_above",
                                "anchor": {
                                    "above_bottom": 70
                                },
                                "surface_depth_multiplier": 0,
                                "add_stone_depth": false
                            },
                            "then_run": {
                                "type": "minecraft:block",
                                "result_state": {
                                    "Name": "minecraft:tuff"
                                }
                            }
                        }
                    ]
                }
            },
            {
                "type": "minecraft:condition",
                "if_true": {
                    "type": "minecraft:biome",
                    "biome_is": [
                        "eds_dim:ice_fields"
                    ]
                },
                "then_run": {
                    "type": "minecraft:sequence",
                    "sequence": [
                        {
                            "type": "minecraft:condition",
                            "if_true": {
                                "type": "minecraft:y_above",
                                "anchor": {
                                    "absolute": 90
                                },
                                "surface_depth_multiplier": 0,
                                "add_stone_depth": false
                            },
                            "then_run": {
                                "type": "minecraft:sequence",
                                "sequence": [
                                    {
                                        "type": "minecraft:condition",
                                        "if_true": {
                                            "type": "minecraft:stone_depth",
                                            "offset": 0,
                                            "surface_type": "floor",
                                            "add_surface_depth": false,
                                            "secondary_depth_range": 0
                                        },
                                        "then_run": {
                                            "type": "minecraft:sequence",
                                            "sequence": [
                                                {
                                                    "type": "minecraft:condition",
                                                    "if_true": {
                                                        "type": "minecraft:noise_threshold",
                                                        "noise": "minecraft:surface",
                                                        "min_threshold": -0.15,
                                                        "max_threshold": 0.15
                                                    },
                                                    "then_run": {
                                                        "type": "minecraft:sequence",
                                                        "sequence": [
                                                            {
                                                                "type": "minecraft:condition",
                                                                "if_true": {
                                                                    "type": "minecraft:y_above",
                                                                    "anchor": {
                                                                        "absolute": 100
                                                                    },
                                                                    "surface_depth_multiplier": 0,
                                                                    "add_stone_depth": false
                                                                },
                                                                "then_run": {
                                                                    "type": "minecraft:condition",
                                                                    "if_true": {
                                                                        "type": "minecraft:vertical_gradient",
                                                                        "random_name": "stone_grass_mix",
                                                                        "true_at_and_below": {
                                                                            "absolute": 90
                                                                        },
                                                                        "false_at_and_above": {
                                                                            "absolute": 110
                                                                        }
                                                                    },
                                                                    "then_run": {
                                                                        "type": "minecraft:block",
                                                                        "result_state": {
                                                                            "Name": "minecraft:stone"
                                                                        }
                                                                    }
                                                                }
                                                            },
                                                            {
                                                                "type": "minecraft:block",
                                                                "result_state": {
                                                                    "Name": "minecraft:grass_block"
                                                                }
                                                            }
                                                        ]
                                                    }
                                                },
                                                {
                                                    "type": "minecraft:condition",
                                                    "if_true": {
                                                        "type": "minecraft:noise_threshold",
                                                        "noise": "minecraft:surface",
                                                        "min_threshold": 0.494,
                                                        "max_threshold": 0.513
                                                    },
                                                    "then_run": {
                                                        "type": "minecraft:block",
                                                        "result_state": {
                                                            "Name": "minecraft:packed_ice"
                                                        }
                                                    }
                                                }
                                            ]
                                        }
                                    },
                                    {
                                        "type": "minecraft:condition",
                                        "if_true": {
                                            "type": "minecraft:stone_depth",
                                            "offset": 1,
                                            "surface_type": "floor",
                                            "add_surface_depth": false,
                                            "secondary_depth_range": 0
                                        },
                                        "then_run": {
                                            "type": "minecraft:condition",
                                            "if_true": {
                                                "type": "minecraft:noise_threshold",
                                                "noise": "minecraft:surface",
                                                "min_threshold": 0.472,
                                                "max_threshold": 0.534
                                            },
                                            "then_run": {
                                                "type": "minecraft:block",
                                                "result_state": {
                                                    "Name": "minecraft:water"
                                                }
                                            }
                                        }
                                    }
                                ]
                            }
                        },
                        {
                            "type": "minecraft:condition",
                            "if_true": {
                                "type": "minecraft:y_above",
                                "anchor": {
                                    "absolute": 95
                                },
                                "surface_depth_multiplier": 0,
                                "add_stone_depth": false
                            },
                            "then_run": {
                                "type": "minecraft:sequence",
                                "sequence": [
                                    {
                                        "type": "minecraft:condition",
                                        "if_true": {
                                            "type": "minecraft:stone_depth",
                                            "offset": 3,
                                            "surface_type": "floor",
                                            "add_surface_depth": true,
                                            "secondary_depth_range": 0
                                        },
                                        "then_run": {
                                            "type": "minecraft:condition",
                                            "if_true": {
                                                "type": "minecraft:vertical_gradient",
                                                "random_name": "minecraft:stone_mix_1",
                                                "true_at_and_below": {
                                                    "absolute": 95
                                                },
                                                "false_at_and_above": {
                                                    "absolute": 112
                                                }
                                            },
                                            "then_run": {
                                                "type": "minecraft:block",
                                                "result_state": {
                                                    "Name": "minecraft:ice"
                                                }
                                            }
                                        }
                                    },
                                    {
                                        "type": "minecraft:block",
                                        "result_state": {
                                            "Name": "minecraft:snow_block"
                                        }
                                    }
                                ]
                            }
                        },
                        {
                            "type": "minecraft:condition",
                            "if_true": {
                                "type": "minecraft:vertical_gradient",
                                "random_name": "lower_half",
                                "true_at_and_below": {
                                    "absolute": -12
                                },
                                "false_at_and_above": {
                                    "absolute": -2
                                }
                            },
                            "then_run": {
                                "type": "minecraft:sequence",
                                "sequence": [
                                    {
                                        "type": "minecraft:condition",
                                        "if_true": {
                                            "type": "minecraft:stone_depth",
                                            "offset": 0,
                                            "surface_type": "floor",
                                            "add_surface_depth": false,
                                            "secondary_depth_range": 0
                                        },
                                        "then_run": {
                                            "type": "minecraft:condition",
                                            "if_true": {
                                                "type": "minecraft:vertical_gradient",
                                                "random_name": "lower_half",
                                                "true_at_and_below": {
                                                    "absolute": -32
                                                },
                                                "false_at_and_above": {
                                                    "absolute": -10
                                                }
                                            },
                                            "then_run": {
                                                "type": "minecraft:sequence",
                                                "sequence": [
                                                    {
                                                        "type": "minecraft:condition",
                                                        "if_true": {
                                                            "type": "minecraft:vertical_gradient",
                                                            "random_name": "lower_half",
                                                            "true_at_and_below": {
                                                                "absolute": -45
                                                            },
                                                            "false_at_and_above": {
                                                                "absolute": -4
                                                            }
                                                        },
                                                        "then_run": {
                                                            "type": "minecraft:block",
                                                            "result_state": {
                                                                "Name": "minecraft:snow_block"
                                                            }
                                                        }
                                                    },
                                                    {
                                                        "type": "minecraft:block",
                                                        "result_state": {
                                                            "Name": "minecraft:blue_ice"
                                                        }
                                                    }
                                                ]
                                            }
                                        }
                                    },
                                    {
                                        "type": "minecraft:condition",
                                        "if_true": {
                                            "type": "minecraft:stone_depth",
                                            "offset": 0,
                                            "surface_type": "ceiling",
                                            "add_surface_depth": false,
                                            "secondary_depth_range": 0
                                        },
                                        "then_run": {
                                            "type": "minecraft:block",
                                            "result_state": {
                                                "Name": "minecraft:packed_ice"
                                            }
                                        }
                                    }
                                ]
                            }
                        },
                        {
                            "type": "minecraft:condition",
                            "if_true": {
                                "type": "minecraft:stone_depth",
                                "offset": 0,
                                "surface_type": "floor",
                                "add_surface_depth": false,
                                "secondary_depth_range": 0
                            },
                            "then_run": {
                                "type": "minecraft:sequence",
                                "sequence": [
                                    {
                                        "type": "minecraft:condition",
                                        "if_true": {
                                            "type": "minecraft:y_above",
                                            "anchor": {
                                                "absolute": 0
                                            },
                                            "surface_depth_multiplier": 0,
                                            "add_stone_depth": false
                                        },
                                        "then_run": {
                                            "type": "minecraft:condition",
                                            "if_true": {
                                                "type": "minecraft:vertical_gradient",
                                                "random_name": "snow_mix",
                                                "true_at_and_below": {
                                                    "above_bottom": -182
                                                },
                                                "false_at_and_above": {
                                                    "below_top": 10
                                                }
                                            },
                                            "then_run": {
                                                "type": "minecraft:block",
                                                "result_state": {
                                                    "Name": "minecraft:snow_block"
                                                }
                                            }
                                        }
                                    },
                                    {
                                        "type": "minecraft:block",
                                        "result_state": {
                                            "Name": "minecraft:ice"
                                        }
                                    }
                                ]
                            }
                        },
                        {
                            "type": "minecraft:condition",
                            "if_true": {
                                "type": "minecraft:stone_depth",
                                "offset": 0,
                                "surface_type": "ceiling",
                                "add_surface_depth": false,
                                "secondary_depth_range": 0
                            },
                            "then_run": {
                                "type": "minecraft:block",
                                "result_state": {
                                    "Name": "minecraft:ice"
                                }
                            }
                        },
                        {
                            "type": "minecraft:condition",
                            "if_true": {
                                "type": "minecraft:vertical_gradient",
                                "random_name": "lower_half",
                                "true_at_and_below": {
                                    "absolute": 5
                                },
                                "false_at_and_above": {
                                    "absolute": 20
                                }
                            },
                            "then_run": {
                                "type": "minecraft:sequence",
                                "sequence": [
                                    {
                                        "type": "minecraft:condition",
                                        "if_true": {
                                            "type": "minecraft:vertical_gradient",
                                            "random_name": "minecraft:stone_mix_1",
                                            "true_at_and_below": {
                                                "above_bottom": -150
                                            },
                                            "false_at_and_above": {
                                                "below_top": 50
                                            }
                                        },
                                        "then_run": {
                                            "type": "minecraft:block",
                                            "result_state": {
                                                "Name": "minecraft:blackstone",
                                                "Properties": {
                                                    "snowy": "true"
                                                }
                                            }
                                        }
                                    },
                                    {
                                        "type": "minecraft:condition",
                                        "if_true": {
                                            "type": "minecraft:vertical_gradient",
                                            "random_name": "minecraft:stone_mix_2",
                                            "true_at_and_below": {
                                                "above_bottom": -80
                                            },
                                            "false_at_and_above": {
                                                "below_top": 1
                                            }
                                        },
                                        "then_run": {
                                            "type": "minecraft:block",
                                            "result_state": {
                                                "Name": "minecraft:smooth_basalt"
                                            }
                                        }
                                    },
                                    {
                                        "type": "minecraft:condition",
                                        "if_true": {
                                            "type": "minecraft:vertical_gradient",
                                            "random_name": "minecraft:stone_mix_3",
                                            "true_at_and_below": {
                                                "above_bottom": 0
                                            },
                                            "false_at_and_above": {
                                                "below_top": 1
                                            }
                                        },
                                        "then_run": {
                                            "type": "minecraft:block",
                                            "result_state": {
                                                "Name": "minecraft:bone_block"
                                            }
                                        }
                                    },
                                    {
                                        "type": "minecraft:block",
                                        "result_state": {
                                            "Name": "minecraft:packed_ice"
                                        }
                                    }
                                ]
                            }
                        },
                        {
                            "type": "minecraft:condition",
                            "if_true": {
                                "type": "minecraft:vertical_gradient",
                                "random_name": "minecraft:stone_mix_1",
                                "true_at_and_below": {
                                    "above_bottom": -350
                                },
                                "false_at_and_above": {
                                    "below_top": -100
                                }
                            },
                            "then_run": {
                                "type": "minecraft:block",
                                "result_state": {
                                    "Name": "minecraft:calcite",
                                    "Properties": {
                                        "snowy": "true"
                                    }
                                }
                            }
                        },
                        {
                            "type": "minecraft:condition",
                            "if_true": {
                                "type": "minecraft:vertical_gradient",
                                "random_name": "minecraft:stone_mix_2",
                                "true_at_and_below": {
                                    "above_bottom": -120
                                },
                                "false_at_and_above": {
                                    "below_top": 1
                                }
                            },
                            "then_run": {
                                "type": "minecraft:block",
                                "result_state": {
                                    "Name": "minecraft:diorite"
                                }
                            }
                        },
                        {
                            "type": "minecraft:condition",
                            "if_true": {
                                "type": "minecraft:vertical_gradient",
                                "random_name": "minecraft:stone_mix_3",
                                "true_at_and_below": {
                                    "above_bottom": -70
                                },
                                "false_at_and_above": {
                                    "below_top": 1
                                }
                            },
                            "then_run": {
                                "type": "minecraft:block",
                                "result_state": {
                                    "Name": "minecraft:bone_block"
                                }
                            }
                        },
                        {
                            "type": "minecraft:condition",
                            "if_true": {
                                "type": "minecraft:vertical_gradient",
                                "random_name": "minecraft:stone_mix_4",
                                "true_at_and_below": {
                                    "above_bottom": 0
                                },
                                "false_at_and_above": {
                                    "below_top": 1
                                }
                            },
                            "then_run": {
                                "type": "minecraft:block",
                                "result_state": {
                                    "Name": "minecraft:snow_block"
                                }
                            }
                        },
                        {
                            "type": "minecraft:block",
                            "result_state": {
                                "Name": "minecraft:andesite"
                            }
                        }
                    ]
                }
            }
        ]
    }
}