{
    "feature": "eds_dim:void/random_blocks",
    "placement": [
        {
            "type": "count",
            "count": 20
        },
        {
            "type": "minecraft:in_square"
        },
        {
            "type": "minecraft:height_range",
            "height": {
                "type": "minecraft:uniform",
                "min_inclusive": {
                    "absolute": -50
                },
                "max_inclusive": {
                    "absolute": 155
                }
            }
        }
    ]
}