{
    "feature": "eds_dim:desert/coal_geode",
    "placement": [
        {
            "type": "minecraft:rarity_filter",
            "chance": 12
        },
        {
            "type": "minecraft:in_square"
        },
        {
            "type": "minecraft:height_range",
            "height": {
                "type": "minecraft:uniform",
                "min_inclusive": {
                    "above_bottom": 6
                },
                "max_inclusive": {
                    "absolute": 50
                }
            }
        }
    ]
}