{
    "feature": "eds_dim:desert/diamond_geode",
    "placement": [
        {
            "type": "minecraft:rarity_filter",
            "chance": 35
        },
        {
            "type": "minecraft:in_square"
        },
        {
            "type": "minecraft:height_range",
            "height": {
                "type": "minecraft:uniform",
                "min_inclusive": {
                    "above_bottom": 0
                },
                "max_inclusive": {
                    "absolute": 10
                }
            }
        }
    ]
}