{
    "feature": "eds_dim:desert/floating_pile",
    "placement": [
        {
            "type": "minecraft:rarity_filter",
            "chance": 3
        },
        {
            "type": "minecraft:in_square"
        },
        {
            "type": "minecraft:height_range",
            "height": {
                "type": "minecraft:uniform",
                "min_inclusive": {
                    "absolute": -40
                },
                "max_inclusive": {
                    "absolute": 75
                }
            }
        }
    ]
}