{
    "feature": "eds_dim:desert/iron_geode",
    "placement": [
        {
            "type": "minecraft:rarity_filter",
            "chance": 5
        },
        {
            "type": "minecraft:in_square"
        },
        {
            "type": "minecraft:height_range",
            "height": {
                "type": "minecraft:uniform",
                "min_inclusive": {
                    "above_bottom": 5
                },
                "max_inclusive": {
                    "absolute": 35
                }
            }
        }
    ]
}