{
    "feature": "eds_dim:extra_ore/iron",
    "placement": [
        {
            "type": "minecraft:count",
            "count": 2
        },
        {
            "type": "minecraft:in_square"
        },
        {
            "type": "minecraft:height_range",
            "height": {
                "type": "minecraft:uniform",
                "min_inclusive": {
                    "absolute": -60
                },
                "max_inclusive": {
                    "absolute": 102
                }
            }
        }
    ]
}
