{
    "type": "minecraft:disk",
    "config": {
        "state_provider": {
            "fallback": {
                "type": "minecraft:weighted_state_provider",
                "entries": [
                    {
                        "weight": 1,
                        "data": {
                            "Name": "minecraft:cyan_stained_glass"
                        }
                    }
                ]
            },
            "rules": []
        },
        "target": {
            "type": "minecraft:matching_blocks",
            "blocks": [
                "minecraft:sand",
                "minecraft:red_sand"
            ]
        },
        "radius": {
            "type": "minecraft:weighted_list",
            "distribution": [
                {
                    "weight": 1,
                    "data": 6
                },
                {
                    "weight": 2,
                    "data": 5
                },
                {
                    "weight": 4,
                    "data": 4
                },
                {
                    "weight": 5,
                    "data": 3
                },
                {
                    "weight": 3,
                    "data": 2
                },
                {
                    "weight": 1,
                    "data": 1
                }
            ]
        },
        "half_height": 2
    }
}
