{
    "type": "minecraft:tree",
    "config": {
        "ignore_vines": false,
        "force_dirt": false,
        "minimum_size": {
            "type": "minecraft:two_layers_feature_size",
            "limit": 1,
            "lower_size": 1,
            "upper_size": 2
        },
        "dirt_provider": {
            "type": "minecraft:simple_state_provider",
            "state": {
                "Name": "minecraft:dirt"
            }
        },
        "trunk_provider": {
            "type": "minecraft:weighted_state_provider",
            "entries": [
                {
                    "weight": 8,
                    "data": {
                        "Name": "minecraft:oak_log"
                    }
                },
                {
                    "weight": 5,
                    "data": {
                        "Name": "minecraft:stripped_oak_wood"
                    }
                },
                {
                    "weight": 1,
                    "data": {
                        "Name": "minecraft:oak_planks"
                    }
                }
            ]
        },
        "foliage_provider": {
            "type": "minecraft:weighted_state_provider",
            "entries": [
                {
                    "weight": 1,
                    "data": {
                        "Name": "minecraft:jungle_leaves",
                        "Properties": {
                            "persistent": "true"
                        }
                    }
                },
                {
                    "weight": 1,
                    "data": {
                        "Name": "minecraft:dark_oak_leaves",
                        "Properties": {
                            "persistent": "true"
                        }
                    }
                }
            ]
        },
        "root_placer": {
            "type": "minecraft:mangrove_root_placer",
            "root_provider": {
                "type": "minecraft:weighted_state_provider",
                "entries": [
                    {
                        "weight": 2,
                        "data": {
                            "Name": "minecraft:air"
                        }
                    },
                    {
                        "weight": 1,
                        "data": {
                            "Name": "minecraft:oak_wood"
                        }
                    }
                ]
            },
            "trunk_offset_y": 0,
            "mangrove_root_placement": {
                "max_root_width": 6,
                "max_root_length": 10,
                "random_skew_chance": 0.9,
                "can_grow_through": "#minecraft:mangrove_logs_can_grow_through",
                "muddy_roots_in": "minecraft:water",
                "muddy_roots_provider": {
                    "type": "minecraft:simple_state_provider",
                    "state": {
                        "Name": "minecraft:stripped_oak_wood"
                    }
                }
            }
        },
        "trunk_placer": {
            "type": "minecraft:giant_trunk_placer",
            "base_height": 7,
            "height_rand_a": 0,
            "height_rand_b": 13
        },
        "foliage_placer": {
            "type": "minecraft:spruce_foliage_placer",
            "radius": {
                "type": "minecraft:uniform",
                "min_inclusive": 7,
                "max_inclusive": 9
            },
            "offset": 4,
            "trunk_height": {
                "type": "minecraft:uniform",
                "min_inclusive": 5,
                "max_inclusive": 9
            }
        },
        "decorators": [
            {
                "type": "minecraft:alter_ground",
                "provider": {
                    "type": "minecraft:weighted_state_provider",
                    "entries": [
                        {
                            "weight": 3,
                            "data": {
                                "Name": "minecraft:rooted_dirt"
                            }
                        },
                        {
                            "weight": 1,
                            "data": {
                                "Name": "minecraft:coarse_dirt"
                            }
                        },
                        {
                            "weight": 7,
                            "data": {
                                "Name": "minecraft:grass_block"
                            }
                        }
                    ]
                }
            },
            {
                "type": "minecraft:attached_to_leaves",
                "probability": 0.02,
                "exclusion_radius_xz": 0,
                "exclusion_radius_y": 0,
                "required_empty_blocks": 1,
                "block_provider": {
                    "type": "minecraft:simple_state_provider",
                    "state": {
                        "Name": "minecraft:oak_leaves",
                        "Properties": {
                            "distance": "1",
                            "persistent": "false",
                            "waterlogged": "false"
                        }
                    }
                },
                "directions": [
                    "up"
                ]
            }
        ]
    }
}
