{
    "type": "minecraft:tree",
    "config": {
        "ignore_vines": false,
        "force_dirt": false,
        "minimum_size": {
            "type": "minecraft:two_layers_feature_size",
            "limit": 1,
            "lower_size": 1,
            "upper_size": 2
        },
        "dirt_provider": {
            "type": "minecraft:simple_state_provider",
            "state": {
                "Name": "minecraft:rooted_dirt"
            }
        },
        "trunk_provider": {
            "type": "minecraft:simple_state_provider",
            "state": {
                "Name": "minecraft:oak_log",
                "Properties": {
                    "axis": "y"
                }
            }
        },
        "foliage_provider": {
            "type": "minecraft:simple_state_provider",
            "state": {
                "Name": "minecraft:jungle_leaves",
                "Properties": {
                    "distance": "7",
                    "persistent": "false",
                    "waterlogged": "false"
                }
            }
        },
        "trunk_placer": {
            "type": "minecraft:fancy_trunk_placer",
            "base_height": 5,
            "height_rand_a": 2,
            "height_rand_b": 5
        },
        "foliage_placer": {
            "type": "minecraft:acacia_foliage_placer",
            "radius": {
                "type": "minecraft:uniform",
                "min_inclusive": 1,
                "max_inclusive": 4
            },
            "offset": 2
        },
        "decorators": [
            {
                "type": "minecraft:trunk_vine"
            },
            {
                "type": "minecraft:leave_vine",
                "probability": 0.05
            }
        ]
    }
}
