{
    "fallback": "minecraft:empty",
    "elements": [
        {
            "weight": 5,
            "element": {
                "element_type": "minecraft:single_pool_element",
                "projection": "rigid",
                "location": "eds_dim:ore/rand_ore_1",
                "override_liquid_settings": "ignore_waterlogging",
                "processors": []
            }
        },
        {
            "weight": 3,
            "element": {
                "element_type": "minecraft:single_pool_element",
                "projection": "rigid",
                "location": "eds_dim:ore/rand_ore_2",
                "override_liquid_settings": "ignore_waterlogging",
                "processors": []
            }
        },
        {
            "weight": 1,
            "element": {
                "element_type": "minecraft:single_pool_element",
                "projection": "rigid",
                "location": "eds_dim:ore/rand_ore_3",
                "override_liquid_settings": "ignore_waterlogging",
                "processors": []
            }
        },
        {
            "weight": 1,
            "element": {
                "element_type": "minecraft:single_pool_element",
                "projection": "rigid",
                "location": "eds_dim:ore/rand_ore_4",
                "override_liquid_settings": "ignore_waterlogging",
                "processors": []
            }
        },
        {
            "weight": 4,
            "element": {
                "element_type": "minecraft:single_pool_element",
                "projection": "rigid",
                "location": "eds_dim:ore/rand_ore_5",
                "override_liquid_settings": "ignore_waterlogging",
                "processors": []
            }
        },
        {
            "weight": 3,
            "element": {
                "element_type": "minecraft:single_pool_element",
                "projection": "rigid",
                "location": "eds_dim:ore/rand_ore_6",
                "override_liquid_settings": "ignore_waterlogging",
                "processors": []
            }
        }
    ]
}
